query_id,song_id,title,original_artist
q1,1118,Mother natures son,The Beatles
q3,1546,Stairway to heaven,Led Zeppelin
q4,1579,Strawberry fields forever,The Beatles
q5,1808,When I am sixty four,The Beatles
q6,2133,More than words,Extreme
q7,2179,The boxer,Simon and Garfunkel
q9,1224,Ob la di ob la da,The Beatles
q11,1747,Vivir asi es morir de amor,Camilo Sesto
q12,19,Across the universe,The Beatles
q13,2133,More than words,Extreme
q14,663,Hello goodbye,The Beatles
q16,937,Lestaca,Lluis Llach
q17,96,Cuando los angeles lloran,Mana
q19,2086,Cecilia,Simon and Garfunkel
q21,1224,Ob la di ob la da,The Beatles
q22,19,Across the universe,The Beatles
q23,2269,Octopuss garden,The Beatles
q25,542,Friday Im in love,The Cure
q26,708,Hey Jude,The Beatles
q27,789,In my life,The Beatles
q28,941,Let it be,The Beatles
q29,1194,Nothing else matters,Metallica
q30,1441,Seek and destroy,Metallica
q31,1564,Stand by me,Ben E King
q33,2031,My Sharona,The Knack
q35,2063,We will rock you,Queen
q36,1066,Mediterraneo,Joan Manuel Serrat
q37,1209,No woman no cry,Bob Marley
q38,1224,Ob la di ob la da,The Beatles
q39,1564,Stand by me,Ben E King
q40,1592,Yellow submarine,The Beatles
q41,1719,You have got a friend,Carole King
q43,1832,Wish you were here,Pink Floyd
q44,1835,What a wonderful world,Louis Armstrong
q45,2045,Over the rainbow,Judy Garland
q46,2056,Sweet home Alabama,Lynyrd Skynyrd
q47,1142,You make me feel like a natural woman,Aretha Franklin
q51,2045,Over the rainbow,Judy Garland
q52,2146,Proud Mary,Creedence Clearwater Revival
q54,1747,Vivir asi es morir de amor,Camilo Sesto
q55,2056,Sweet home Alabama,Lynyrd Skynyrd
q57,941,Let it be,The Beatles
q58,1237,One,U2
q59,1396,Roxanne,The Police
q60,1510,Smoke on the water,Deep Purple
q61,1849,Yesterday,The Beatles
q62,2015,White Christmas,Bing Crosby
q64,641,Happiness is a warm gun,The Beatles
q66,941,Let it be,The Beatles
q67,965,With a little help from my friends,The Beatles
q68,98,Angie,The Rolling Stones
q70,1209,No woman no cry,Bob Marley
q71,1224,Ob la di ob la da,The Beatles
q72,1564,Stand by me,Ben E King
q74,253,Cant buy me love,The Beatles
q75,479,Enjoy the silence,Depeche Mode
q76,646,A hard days night,The Beatles
q77,668,Help,The Beatles
q78,70,All my loving,The Beatles
q81,1142,You make me feel like a natural woman,Aretha Franklin
q82,1252,Only you,The Platters
q84,1719,You have got a friend,Carole King
q85,2045,Over the rainbow,Judy Garland
q86,2074,America,Simon and Garfunkel
q87,2115,I dont want to miss a thing,Aerosmith
q89,646,A hard days night,The Beatles
q91,1488,She said she said,The Beatles
q93,2086,Cecilia,Simon and Garfunkel
q94,2090,Cocaine,J J Cale
q97,768,Imagine,John Lennon
q98,1066,Mediterraneo,Joan Manuel Serrat
q99,1209,No woman no cry,Bob Marley
q100,1510,Smoke on the water,Deep Purple
q101,1546,Stairway to heaven,Led Zeppelin
q103,1835,What a wonderful world,Louis Armstrong
q104,2090,Cocaine,J J Cale
q105,2133,More than words,Extreme
q106,768,Imagine,John Lennon
q109,1185,No me importa nada,Luz Casal
q110,941,Let it be,The Beatles
q112,2026,Born to be wild,Steppenwolf
q113,2056,Sweet home Alabama,Lynyrd Skynyrd
q114,479,Enjoy the silence,Depeche Mode
q115,1747,Vivir asi es morir de amor,Camilo Sesto
q116,2024,You really got me,The Kinks
q118,70,All my loving,The Beatles
